<?xml version='1.0' encoding='UTF-8'?>
<shortcuts>
	<shortcut>
		<defaultID />
		<label>13Clowns Wizard</label>
		<label2>Custom item</label2>
		<icon>DefaultShortcut.png</icon>
		<thumb>special://skin/extras/icons/atom.png</thumb>
		<action>ActivateWindow(Programs,"plugin://plugin.program.wizard",return)</action>
	</shortcut>
	<shortcut>
		<defaultID />
		<label>Video Add-ons</label>
		<label2>Custom item</label2>
		<icon>DefaultShortcut.png</icon>
		<thumb>special://skin/extras/icons/film.png</thumb>
		<action>ActivateWindow(Videos,Addons,return)</action>
	</shortcut>
	<shortcut>
		<defaultID />
		<label>Programs</label>
		<label2>Custom item</label2>
		<icon>DefaultShortcut.png</icon>
		<thumb>special://skin/extras/icons/network.png</thumb>
		<action>ActivateWindow(Programs,Addons,return)</action>
	</shortcut>
	<shortcut>
		<defaultID />
		<label>Install Add-ons</label>
		<label2>Custom item</label2>
		<icon>DefaultShortcut.png</icon>
		<thumb>special://skin/extras/icons/rocket.png</thumb>
		<action>ActivateWindow(AddonBrowser)</action>
	</shortcut>
	<shortcut>
		<defaultID />
		<label>Authorize RD</label>
		<label2>Custom item</label2>
		<icon>DefaultShortcut.png</icon>
		<thumb>special://skin/extras/icons/keys.png</thumb>
		<action>ActivateWindow(Videos,"plugin://script.module.resolveurl/?mode=auth_rd",return)</action>
	</shortcut>
	<shortcut>
		<defaultID />
		<label>Pair Trakt</label>
		<label2>Custom item</label2>
		<icon>DefaultShortcut.png</icon>
		<thumb>special://skin/extras/icons/trakttv.png</thumb>
		<action>RunPlugin(plugin://plugin.video.13clowns/?action=authTrakt)</action>
	</shortcut>
	<shortcut>
		<defaultID />
		<label>Clear Cache</label>
		<label2>Custom item</label2>
		<icon>DefaultShortcut.png</icon>
		<thumb>special://skin/extras/icons/addons.png</thumb>
		<action>ActivateWindow(Programs,"plugin://plugin.program.wizard/?mode=maint&amp;name=clean",return)</action>
	</shortcut>
	<shortcut>
		<defaultID />
		<label>View Logs</label>
		<label2>Custom item</label2>
		<icon>DefaultShortcut.png</icon>
		<thumb>special://skin/extras/icons/folder.png</thumb>
		<action>ActivateWindow(Programs,"plugin://plugin.program.wizard/?mode=maint&amp;name=misc",return)</action>
	</shortcut>
</shortcuts>
