<?xml version='1.0' encoding='UTF-8'?>
<shortcuts>
	<shortcut>
		<defaultID />
		<label>Trakt TV Shows</label>
		<label2>Custom item</label2>
		<icon>DefaultShortcut.png</icon>
		<thumb>special://skin/extras/icons/trakttv.png</thumb>
		<action>ActivateWindow(Videos,"plugin://plugin.video.13clowns/?action=mytvNavigator",return)</action>
	</shortcut>
	<shortcut>
		<defaultID />
		<label>News</label>
		<label2>Custom item</label2>
		<icon>DefaultShortcut.png</icon>
		<thumb>special://skin/extras/icons/newspaper.png</thumb>
		<action>ActivateWindow(Videos,"plugin://plugin.video.channelPEAR",return)</action>
	</shortcut>
	<shortcut>
		<defaultID />
		<label>Matchcenter</label>
		<label2>Custom item</label2>
		<icon>DefaultShortcut.png</icon>
		<thumb>special://skin/extras/icons/basketball.png</thumb>
		<action>ActivateWindow(Videos,"plugin://plugin.video.VADER/mc/",return)</action>
	</shortcut>
	<shortcut>
		<defaultID />
		<label>Back up TV</label>
		<label2>Custom item</label2>
		<icon>DefaultShortcut.png</icon>
		<thumb>special://skin/extras/icons/tv.png</thumb>
		<action>ActivateWindow(Videos,"plugin://plugin.video.Gen-X/?url=plugin%3A%2F%2Fscript.module.ATFlive%2Flist_channels%2F20&amp;mode=53&amp;name=USA+&amp;iconimage=&amp;fanart=",return)</action>
	</shortcut>
	<shortcut>
		<defaultID />
		<label>Settings</label>
		<label2>Custom item</label2>
		<icon>DefaultShortcut.png</icon>
		<thumb>special://skin/extras/icons/settings.png</thumb>
		<action>ActivateWindow(Videos,"plugin://plugin.video.VADER/settings",return)</action>
	</shortcut>
</shortcuts>
