<?xml version="1.0" encoding="utf-8"?><shortcuts>
	<shortcut>
		<defaultID/>
		<label>Sports/Events</label>
		<label2>Custom item</label2>
		<icon>DefaultShortcut.png</icon>
		<thumb>special://profile/addon_data/script.skinshortcuts/skin.aura-thumb-Sports-Events.png</thumb>
		<action>ActivateWindow(Videos,&quot;plugin://plugin.video.Gen-X/?url=https%3A%2F%2Fpastebin.com%2Fraw%2FaEQmdh5t&amp;mode=1&amp;name=%5BCOLOR+silver%5D%5BB%5DLive+Sports%5B%2FB%5D%5B%2FCOLOR%5D&amp;iconimage=https%3A%2F%2Fi.imgur.com%2FlkIWdIx.png&amp;fanart=https%3A%2F%2Fi.imgur.com%2Fw08gJxK.jpg&quot;,return)</action>
	</shortcut>
	<shortcut>
		<defaultID/>
		<label>USA Channels</label>
		<label2>Custom item</label2>
		<icon>DefaultShortcut.png</icon>
		<thumb>special://profile/addon_data/script.skinshortcuts/skin.aura-thumb-USA Channels.png</thumb>
		<action>ActivateWindow(Videos,&quot;plugin://plugin.video.Gen-X/?url=plugin%3A%2F%2Fscript.module.ATFlive%2Flist_channels%2F20&amp;mode=53&amp;name=USA+&amp;iconimage=&amp;fanart=&quot;,return)</action>
	</shortcut>
	<shortcut>
		<defaultID/>
		<label>24/7 TV Shows</label>
		<label2>Custom item</label2>
		<icon>DefaultShortcut.png</icon>
		<thumb>special://profile/addon_data/script.skinshortcuts/skin.aura-thumb-24-7 TV Shows.png</thumb>
		<action>ActivateWindow(Videos,&quot;plugin://plugin.video.Gen-X/?url=https%3A%2F%2Fpastebin.com%2Fraw%2F5WPapU43&amp;mode=1&amp;name=%5BCOLOR+silver%5DGen-X+24%2F7+TV+Shows%5B%2FCOLOR%5D&amp;iconimage=https%3A%2F%2Fi.imgur.com%2FlkIWdIx.png&amp;fanart=https%3A%2F%2Fi.imgur.com%2FqydS3Dw.jpg&quot;,return)</action>
	</shortcut>
	<shortcut>
		<defaultID/>
		<label>TV Show Collections</label>
		<label2>Custom item</label2>
		<icon>DefaultShortcut.png</icon>
		<thumb>special://profile/addon_data/script.skinshortcuts/skin.aura-thumb-TV Show Collections.png</thumb>
		<action>ActivateWindow(Videos,&quot;plugin://plugin.video.Gen-X/?url=https%3A%2F%2Fpastebin.com%2Fraw%2FfsExHVFY&amp;mode=1&amp;name=%5BCOLOR+silver%5D%5BB%5DLatest+TV+Boxsets%5B%2FB%5D%5B%2FCOLOR%5D&amp;iconimage=https%3A%2F%2Fi.imgur.com%2FlkIWdIx.png&amp;fanart=https%3A%2F%2Fi.imgur.com%2Fw08gJxK.jpg&quot;,return)</action>
	</shortcut>
	<shortcut>
		<defaultID/>
		<label>Horror</label>
		<label2>Custom item</label2>
		<icon>DefaultShortcut.png</icon>
		<thumb>special://profile/addon_data/script.skinshortcuts/skin.aura-thumb-Horror.png</thumb>
		<action>ActivateWindow(Videos,&quot;plugin://plugin.video.13clowns/?action=kings&quot;,return)</action>
	</shortcut>
	<shortcut>
		<defaultID/>
		<label>Fitness</label>
		<label2>Custom item</label2>
		<icon>DefaultShortcut.png</icon>
		<thumb>special://profile/addon_data/script.skinshortcuts/skin.aura-thumb-Fitness.png</thumb>
		<action>ActivateWindow(Videos,&quot;plugin://plugin.video.13clowns/?action=fitness&quot;,return)</action>
	</shortcut>
	<shortcut>
		<defaultID/>
		<label>Kung Fu</label>
		<label2>Custom item</label2>
		<icon>DefaultShortcut.png</icon>
		<thumb>special://profile/addon_data/script.skinshortcuts/skin.aura-thumb-Kung Fu.png</thumb>
		<action>ActivateWindow(Videos,&quot;plugin://plugin.video.13clowns/?action=kungfu&quot;,return)</action>
	</shortcut>
	<shortcut>
		<defaultID/>
		<label>Urban</label>
		<label2>Custom item</label2>
		<icon>DefaultShortcut.png</icon>
		<thumb>special://profile/addon_data/script.skinshortcuts/skin.aura-thumb-Urban.png</thumb>
		<action>ActivateWindow(Videos,&quot;plugin://plugin.video.13clowns/?action=urban&quot;,return)</action>
	</shortcut>
	<shortcut>
		<defaultID/>
		<label>Sci-Fi</label>
		<label2>Custom item</label2>
		<icon>DefaultShortcut.png</icon>
		<thumb>special://profile/addon_data/script.skinshortcuts/skin.aura-thumb-Sci-Fi.png</thumb>
		<action>ActivateWindow(Videos,&quot;plugin://plugin.video.youtube/playlist/PL152bjytsMC640L-39BBg_Nc9xhEDh1hs/&quot;,return)</action>
	</shortcut>
	<shortcut>
		<defaultID/>
		<label>Main Menu</label>
		<label2>Custom item</label2>
		<icon>DefaultShortcut.png</icon>
		<thumb>special://profile/addon_data/script.skinshortcuts/skin.aura-thumb-Main Menu.png</thumb>
		<action>ActivateWindow(Videos,&quot;plugin://plugin.video.Gen-X&quot;,return)</action>
	</shortcut>
</shortcuts>