<?xml version="1.0" encoding="utf-8"?><shortcuts>
	<shortcut>
		<defaultID/>
		<label>My Movies</label>
		<label2>Custom item</label2>
		<icon>DefaultShortcut.png</icon>
		<thumb>special://profile/addon_data/script.skinshortcuts/skin.aura-thumb-My Movies.png</thumb>
		<action>ActivateWindow(Videos,&quot;plugin://plugin.video.13clowns/?action=mymovieNavigator&quot;,return)</action>
	</shortcut>
	<shortcut>
		<defaultID/>
		<label>BOX COLLECTIONS</label>
		<label2>Custom item</label2>
		<icon>DefaultShortcut.png</icon>
		<thumb>special://profile/addon_data/script.skinshortcuts/skin.aura-thumb-BOX COLLECTIONS.png</thumb>
		<action>ActivateWindow(Videos,&quot;plugin://plugin.video.13clowns/?action=collectionsNavigator&quot;,return)</action>
	</shortcut>
	<shortcut>
		<defaultID/>
		<label>1950-1959 MOVIES</label>
		<label2>Custom item</label2>
		<icon>DefaultShortcut.png</icon>
		<thumb>special://profile/addon_data/script.skinshortcuts/skin.aura-thumb-1950-1959 MOVIES.png</thumb>
		<action>ActivateWindow(Videos,&quot;plugin://plugin.video.13clowns/?action=movies&amp;url=fiftys&quot;,return)</action>
	</shortcut>
	<shortcut>
		<defaultID/>
		<label>1960-1969 MOVIES</label>
		<label2>Custom item</label2>
		<icon>DefaultShortcut.png</icon>
		<thumb>special://profile/addon_data/script.skinshortcuts/skin.aura-thumb-1960-1969 MOVIES.png</thumb>
		<action>ActivateWindow(Videos,&quot;plugin://plugin.video.13clowns/?action=movies&amp;url=sixtys&quot;,return)</action>
	</shortcut>
	<shortcut>
		<defaultID/>
		<label>1970-1979 MOVIES</label>
		<label2>Custom item</label2>
		<icon>DefaultShortcut.png</icon>
		<thumb>special://profile/addon_data/script.skinshortcuts/skin.aura-thumb-1970-1979 MOVIES.png</thumb>
		<action>ActivateWindow(Videos,&quot;plugin://plugin.video.13clowns/?action=movies&amp;url=seventys&quot;,return)</action>
	</shortcut>
	<shortcut>
		<defaultID/>
		<label>1980-1989 MOVIES</label>
		<label2>Custom item</label2>
		<icon>DefaultShortcut.png</icon>
		<thumb>special://profile/addon_data/script.skinshortcuts/skin.aura-thumb-1980-1989 MOVIES.png</thumb>
		<action>ActivateWindow(Videos,&quot;plugin://plugin.video.13clowns/?action=movies&amp;url=eightys&quot;,return)</action>
	</shortcut>
	<shortcut>
		<defaultID/>
		<label>1990-1999 MOVIES</label>
		<label2>Custom item</label2>
		<icon>DefaultShortcut.png</icon>
		<thumb>special://profile/addon_data/script.skinshortcuts/skin.aura-thumb-1990-1999 MOVIES.png</thumb>
		<action>ActivateWindow(Videos,&quot;plugin://plugin.video.13clowns/?action=movies&amp;url=ninetys&quot;,return)</action>
	</shortcut>
	<shortcut>
		<defaultID/>
		<label>2000-2010 MOVIES</label>
		<label2>Custom item</label2>
		<icon>DefaultShortcut.png</icon>
		<thumb>special://profile/addon_data/script.skinshortcuts/skin.aura-thumb-2000-2010 MOVIES.png</thumb>
		<action>ActivateWindow(Videos,&quot;plugin://plugin.video.13clowns/?action=movies&amp;url=twothousand&quot;,return)</action>
	</shortcut>
	<shortcut>
		<defaultID/>
		<label>Movies Main Menu</label>
		<label2>Custom item</label2>
		<icon>DefaultShortcut.png</icon>
		<thumb>special://profile/addon_data/script.skinshortcuts/skin.aura-thumb-Movies Main Menu.png</thumb>
		<action>ActivateWindow(Videos,&quot;plugin://plugin.video.13clowns/?action=movieNavigator&quot;,return)</action>
	</shortcut>
</shortcuts>