<?xml version="1.0" encoding="utf-8"?><shortcuts>
	<shortcut>
		<defaultID/>
		<label>13Clowns Wizard</label>
		<label2>Custom item</label2>
		<icon>DefaultShortcut.png</icon>
		<thumb>special://profile/addon_data/script.skinshortcuts/skin.aura-thumb-13Clowns Wizard.png</thumb>
		<action>ActivateWindow(Programs,&quot;plugin://plugin.program.wizard&quot;,return)</action>
	</shortcut>
	<shortcut>
		<defaultID/>
		<label>Configure Scrapers</label>
		<label2>Custom item</label2>
		<icon>DefaultShortcut.png</icon>
		<thumb>special://profile/addon_data/script.skinshortcuts/skin.aura-thumb-Configure Scrapers.png</thumb>
		<action>ActivateWindow(Videos,&quot;plugin://plugin.video.13clowns/?action=civitasSettings&amp;query=0.0&quot;,return)</action>
	</shortcut>
	<shortcut>
		<defaultID/>
		<label>Video Add-ons</label>
		<label2>Custom item</label2>
		<icon>DefaultShortcut.png</icon>
		<thumb>special://profile/addon_data/script.skinshortcuts/skin.aura-thumb-Video Add-ons.png</thumb>
		<action>ActivateWindow(Videos,Addons,return)</action>
	</shortcut>
	<shortcut>
		<defaultID/>
		<label>Programs</label>
		<label2>Custom item</label2>
		<icon>DefaultShortcut.png</icon>
		<thumb>special://profile/addon_data/script.skinshortcuts/skin.aura-thumb-Programs.png</thumb>
		<action>ActivateWindow(Programs,Addons,return)</action>
	</shortcut>
	<shortcut>
		<defaultID/>
		<label>Install Add-on</label>
		<label2>Custom item</label2>
		<icon>DefaultShortcut.png</icon>
		<thumb>special://profile/addon_data/script.skinshortcuts/skin.aura-thumb-Install Add-on.png</thumb>
		<action>ActivateWindow(AddonBrowser)</action>
	</shortcut>
	<shortcut>
		<defaultID/>
		<label>Authorize RD</label>
		<label2>Custom item</label2>
		<icon>DefaultShortcut.png</icon>
		<thumb>special://profile/addon_data/script.skinshortcuts/skin.aura-thumb-Authorize RD.png</thumb>
		<action>ActivateWindow(Videos,&quot;plugin://script.module.resolveurl/?mode=auth_rd&quot;,return)</action>
	</shortcut>
	<shortcut>
		<defaultID/>
		<label>Pair Trakt</label>
		<label2>Custom item</label2>
		<icon>DefaultShortcut.png</icon>
		<thumb>special://profile/addon_data/script.skinshortcuts/skin.aura-thumb-Pair Trakt.png</thumb>
		<action>RunPlugin(plugin://plugin.video.13clowns/?action=authTrakt)</action>
	</shortcut>
	<shortcut>
		<defaultID/>
		<label>Clear Cache</label>
		<label2>Custom item</label2>
		<icon>DefaultShortcut.png</icon>
		<thumb>special://profile/addon_data/script.skinshortcuts/skin.aura-thumb-Clear Cache.png</thumb>
		<action>ActivateWindow(Programs,&quot;plugin://plugin.program.wizard/?mode=maint&amp;name=clean&quot;,return)</action>
	</shortcut>
	<shortcut>
		<defaultID/>
		<label>View Logs</label>
		<label2>Custom item</label2>
		<icon>DefaultShortcut.png</icon>
		<thumb>special://profile/addon_data/script.skinshortcuts/skin.aura-thumb-View Logs.png</thumb>
		<action>ActivateWindow(Programs,&quot;plugin://plugin.program.wizard/?mode=maint&amp;name=misc&quot;,return)</action>
	</shortcut>
</shortcuts>