<?xml version='1.0' encoding='UTF-8'?>
<shortcuts>
	<shortcut>
		<defaultID />
		<label>DVR</label>
		<label2>Custom item</label2>
		<icon>DefaultShortcut.png</icon>
		<thumb>special://skin/extras/icons/trakttv.png</thumb>
		<action>ActivateWindow(Videos,"plugin://plugin.video.13clowns/?action=calendar&amp;url=mycalendar",return)</action>
	</shortcut>
	<shortcut>
		<defaultID />
		<label>News</label>
		<label2>Custom item</label2>
		<icon>DefaultShortcut.png</icon>
		<thumb>special://skin/extras/icons/newspaper.png</thumb>
		<action>ActivateWindow(Videos,"plugin://plugin.video.channelPEAR",return)</action>
	</shortcut>
	<shortcut>
		<defaultID />
		<label>Matchcenter</label>
		<label2>Custom item</label2>
		<icon>DefaultShortcut.png</icon>
		<thumb>special://skin/extras/icons/livetv.png</thumb>
		<action>ActivateWindow(Videos,"plugin://plugin.video.VADER/mc/",return)</action>
	</shortcut>
	<shortcut>
		<defaultID />
		<label>My Shows</label>
		<label2>Custom item</label2>
		<icon>DefaultShortcut.png</icon>
		<thumb>special://skin/extras/icons/trakttv.png</thumb>
		<action>ActivateWindow(Videos,"plugin://plugin.video.13clowns/?action=mytvliteNavigator",return)</action>
	</shortcut>
	<shortcut>
		<defaultID />
		<label>Alternative</label>
		<label2>Custom item</label2>
		<icon>DefaultShortcut.png</icon>
		<thumb>special://skin/extras/icons/chalkboard.png</thumb>
		<action>ActivateWindow(Videos,"plugin://plugin.video.Gen-X/?url=https%3A%2F%2Fpastebin.com%2Fraw%2F3x50tXuZ&amp;mode=1&amp;name=%5BCOLOR+silver%5D%5BB%5DLive+TV%5B%2FB%5D%5B%2FCOLOR%5D&amp;iconimage=https%3A%2F%2Fi.imgur.com%2FlkIWdIx.png&amp;fanart=https%3A%2F%2Fi.imgur.com%2Fw08gJxK.jpg",return)</action>
	</shortcut>
	<shortcut>
		<defaultID />
		<label>Settings</label>
		<label2>Custom item</label2>
		<icon>DefaultShortcut.png</icon>
		<thumb>special://skin/extras/icons/settings.png</thumb>
		<action>ActivateWindow(Videos,"plugin://plugin.video.VADER/settings",return)</action>
	</shortcut>
</shortcuts>
