<?xml version='1.0' encoding='UTF-8'?>
<shortcuts>
	<shortcut>
		<defaultID />
		<label>My TV Shows</label>
		<label2>Custom item</label2>
		<icon>DefaultShortcut.png</icon>
		<thumb>special://skin/extras/icons/trakttv.png</thumb>
		<action>ActivateWindow(Videos,"plugin://plugin.video.13clowns/?action=mytvliteNavigator",return)</action>
	</shortcut>
	<shortcut>
		<defaultID />
		<label>New Episodes</label>
		<label2>Custom item</label2>
		<icon>DefaultShortcut.png</icon>
		<thumb>special://skin/extras/icons/tv.png</thumb>
		<action>ActivateWindow(Videos,"plugin://plugin.video.13clowns/?action=calendar&amp;url=added",return)</action>
	</shortcut>
	<shortcut>
		<defaultID />
		<label>Most Popular</label>
		<label2>Custom item</label2>
		<icon>DefaultShortcut.png</icon>
		<thumb>special://skin/extras/icons/compilations.png</thumb>
		<action>ActivateWindow(Videos,"plugin://plugin.video.13clowns/?action=tvshows&amp;url=popular",return)</action>
	</shortcut>
	<shortcut>
		<defaultID />
		<label>Genres</label>
		<label2>Custom item</label2>
		<icon>DefaultShortcut.png</icon>
		<thumb>special://skin/extras/icons/director.png</thumb>
		<action>ActivateWindow(Videos,"plugin://plugin.video.13clowns/?action=tvGenres",return)</action>
	</shortcut>
	<shortcut>
		<defaultID />
		<label>Networks</label>
		<label2>Custom item</label2>
		<icon>DefaultShortcut.png</icon>
		<thumb>special://skin/extras/icons/antenna.png</thumb>
		<action>ActivateWindow(Videos,"plugin://plugin.video.13clowns/?action=tvNetworks",return)</action>
	</shortcut>
	<shortcut>
		<defaultID />
		<label>TV Shows Main Menu</label>
		<label2>Custom item</label2>
		<icon>DefaultShortcut.png</icon>
		<thumb>special://skin/extras/icons/</thumb>
		<action>ActivateWindow(Videos,"plugin://plugin.video.13clowns/?action=tvNavigator",return)</action>
	</shortcut>
	<shortcut>
		<defaultID />
		<label>13Clowns Setting</label>
		<label2>Custom item</label2>
		<icon>DefaultShortcut.png</icon>
		<thumb>special://skin/extras/icons/settings.png</thumb>
		<action>ActivateWindow(Videos,"plugin://plugin.video.13clowns/?action=openSettings&amp;query=0.0",return)</action>
	</shortcut>
	<shortcut>
		<defaultID />
		<label>Configure Scrapers</label>
		<label2>Custom item</label2>
		<icon>DefaultShortcut.png</icon>
		<thumb>special://skin/extras/icons/addons.png</thumb>
		<action>RunPlugin(plugin://script.module.lambdascrapers/?mode=LambdaSettings)</action>
	</shortcut>
</shortcuts>
