<?xml version='1.0' encoding='UTF-8'?>
<shortcuts>
	<shortcut>
		<defaultID />
		<label>My TV Shows</label>
		<label2>Custom item</label2>
		<icon>DefaultShortcut.png</icon>
		<thumb>special://skin/extras/icons/trakttv.png</thumb>
		<action>ActivateWindow(Videos,"plugin://plugin.video.13clowns/?action=mytvNavigator",return)</action>
	</shortcut>
	<shortcut>
		<defaultID />
		<label>Networks</label>
		<label2>Custom item</label2>
		<icon>DefaultShortcut.png</icon>
		<thumb>special://skin/extras/icons/antenna.png</thumb>
		<action>ActivateWindow(Videos,"plugin://plugin.video.13clowns/?action=tvNetworks",return)</action>
	</shortcut>
	<shortcut>
		<defaultID />
		<label>1950-1959 TV SHOWS</label>
		<label2>Custom item</label2>
		<icon>DefaultShortcut.png</icon>
		<thumb>special://skin/extras/icons/tv.png</thumb>
		<action>ActivateWindow(Videos,"plugin://plugin.video.13clowns/?action=tvshows&amp;url=fiftyst",return)</action>
	</shortcut>
	<shortcut>
		<defaultID />
		<label>1960-1969 TV SHOWS</label>
		<label2>Custom item</label2>
		<icon>DefaultShortcut.png</icon>
		<thumb>special://skin/extras/icons/tv.png</thumb>
		<action>ActivateWindow(Videos,"plugin://plugin.video.13clowns/?action=tvshows&amp;url=sixtyst",return)</action>
	</shortcut>
	<shortcut>
		<defaultID />
		<label>1970-1979 TV SHOWS</label>
		<label2>Custom item</label2>
		<icon>DefaultShortcut.png</icon>
		<thumb>special://skin/extras/icons/tv.png</thumb>
		<action>ActivateWindow(Videos,"plugin://plugin.video.13clowns/?action=tvshows&amp;url=seventyst",return)</action>
	</shortcut>
	<shortcut>
		<defaultID />
		<label>1980-1989 TV SHOWS</label>
		<label2>Custom item</label2>
		<icon>DefaultShortcut.png</icon>
		<thumb>special://skin/extras/icons/tv.png</thumb>
		<action>ActivateWindow(Videos,"plugin://plugin.video.13clowns/?action=tvshows&amp;url=eightyst",return)</action>
	</shortcut>
	<shortcut>
		<defaultID />
		<label>1990-1999 TV SHOWS</label>
		<label2>Custom item</label2>
		<icon>DefaultShortcut.png</icon>
		<thumb>special://skin/extras/icons/tv.png</thumb>
		<action>ActivateWindow(Videos,"plugin://plugin.video.13clowns/?action=tvshows&amp;url=ninetyst",return)</action>
	</shortcut>
	<shortcut>
		<defaultID />
		<label>2000-2010 TV SHOWS</label>
		<label2>Custom item</label2>
		<icon>DefaultShortcut.png</icon>
		<thumb />
		<action>ActivateWindow(Videos,"plugin://plugin.video.13clowns/?action=tvshows&amp;url=twothousandt",return)</action>
	</shortcut>
	<shortcut>
		<defaultID />
		<label>TV Shows Main Menu</label>
		<label2>Custom item</label2>
		<icon>DefaultShortcut.png</icon>
		<thumb>special://skin/extras/icons/</thumb>
		<action>ActivateWindow(Videos,"plugin://plugin.video.13clowns/?action=tvNavigator",return)</action>
	</shortcut>
</shortcuts>
