<?xml version="1.0" encoding="UTF-8"?>
<keymap>
  <Home>
    <keyboard>
      <menu>XBMC.ActivateWindow(tvguide)</menu>
    </keyboard>
  </Home>
  <FullscreenLiveTV>
    <keyboard>
    <key id="61571">volumeup</key>
      <key id="61570">volumedown</key>
      <menu>XBMC.ActivateWindow(tvguide)</menu>
      <key id="61568">XBMC.ActivateWindow(pvrosdchannels)</key>
      <key id="61569">XBMC.ActivateWindow(pvrosdchannels)</key>
      <key id="61636">stepback</key>
      <key id="61637">stepforward</key>
    </keyboard>
  </FullscreenLiveTV>
  <FullscreenVideo>
    <keyboard>
    <key id="61571">volumeup</key>
      <key id="61570">volumedown</key>
            <key id="61636">stepback</key>
      <key id="61637">stepforward</key>
    </keyboard>
  </FullscreenVideo>
  <VideoMenu>
    <keyboard>
    </keyboard>
  </VideoMenu>
  <VideoOSD>
    <keyboard>
      <menu>CodecInfo</menu>
    </keyboard>
  </VideoOSD>
  <MyFiles>
    <keyboard>
      <play_pause>Highlight</play_pause>
    </keyboard>
  </MyFiles>
  <virtualkeyboard>
    <keyboard>
      <menu>shift</menu>
      <play_pause>enter</play_pause>
      <rewind>backspace</rewind>
      <fastforward>number0</fastforward>
      <browser_back>PreviousMenu</browser_back>
      <backspace>PreviousMenu</backspace>
    </keyboard>
  </virtualkeyboard>
</keymap>
