<?xml version='1.0' encoding='UTF-8'?>
<shortcuts>
	<shortcut>
		<defaultID />
		<label>Sports/Events</label>
		<label2>Custom item</label2>
		<icon>DefaultShortcut.png</icon>
		<thumb>special://skin/extras/icons/megaphone.png</thumb>
		<action>ActivateWindow(Videos,"plugin://plugin.video.Gen-X/?url=https%3A%2F%2Fpastebin.com%2Fraw%2FaEQmdh5t&amp;mode=1&amp;name=%5BCOLOR+silver%5D%5BB%5DLive+Sports%5B%2FB%5D%5B%2FCOLOR%5D&amp;iconimage=https%3A%2F%2Fi.imgur.com%2FlkIWdIx.png&amp;fanart=https%3A%2F%2Fi.imgur.com%2Fw08gJxK.jpg",return)</action>
	</shortcut>
	<shortcut>
		<defaultID />
		<label>USA Channels</label>
		<label2>Custom item</label2>
		<icon>DefaultShortcut.png</icon>
		<thumb>special://skin/extras/icons/livetv.png</thumb>
		<action>ActivateWindow(Videos,"plugin://plugin.video.Gen-X/?url=plugin%3A%2F%2Fscript.module.ATFlive%2Flist_channels%2F20&amp;mode=53&amp;name=USA+&amp;iconimage=&amp;fanart=",return)</action>
	</shortcut>
	<shortcut>
		<defaultID />
		<label>24/7 TV Shows</label>
		<label2>Custom item</label2>
		<icon>DefaultShortcut.png</icon>
		<thumb>special://skin/extras/icons/tv.png</thumb>
		<action>ActivateWindow(Videos,"plugin://plugin.video.Gen-X/?url=https%3A%2F%2Fpastebin.com%2Fraw%2F5WPapU43&amp;mode=1&amp;name=%5BCOLOR+silver%5DGen-X+24%2F7+TV+Shows%5B%2FCOLOR%5D&amp;iconimage=https%3A%2F%2Fi.imgur.com%2FlkIWdIx.png&amp;fanart=https%3A%2F%2Fi.imgur.com%2FqydS3Dw.jpg",return)</action>
	</shortcut>
	<shortcut>
		<defaultID />
		<label>TV Show Collections</label>
		<label2>Custom item</label2>
		<icon>DefaultShortcut.png</icon>
		<thumb>special://skin/extras/icons/tv.png</thumb>
		<action>ActivateWindow(Videos,"plugin://plugin.video.Gen-X/?url=https%3A%2F%2Fpastebin.com%2Fraw%2FfsExHVFY&amp;mode=1&amp;name=%5BCOLOR+silver%5D%5BB%5DLatest+TV+Boxsets%5B%2FB%5D%5B%2FCOLOR%5D&amp;iconimage=https%3A%2F%2Fi.imgur.com%2FlkIWdIx.png&amp;fanart=https%3A%2F%2Fi.imgur.com%2Fw08gJxK.jpg",return)</action>
	</shortcut>
	<shortcut>
		<defaultID />
		<label>Kid Shows</label>
		<label2>Custom item</label2>
		<icon>DefaultShortcut.png</icon>
		<thumb>special://skin/extras/icons/person3.png</thumb>
		<action>ActivateWindow(Videos,"plugin://plugin.video.13clowns/?action=kidscorner",return)</action>
	</shortcut>
	<shortcut>
		<defaultID />
		<label>Documentary</label>
		<label2>Custom item</label2>
		<icon>DefaultShortcut.png</icon>
		<thumb>special://skin/extras/icons/folder.png</thumb>
		<action>ActivateWindow(Videos,"plugin://plugin.video.13clowns/?action=docuHeaven",return)</action>
	</shortcut>
	<shortcut>
		<defaultID />
		<label>Main Menu</label>
		<label2>Custom item</label2>
		<icon>DefaultShortcut.png</icon>
		<thumb>special://skin/extras/icons/home.png</thumb>
		<action>ActivateWindow(Videos,"plugin://plugin.video.Gen-X",return)</action>
	</shortcut>
</shortcuts>
