<?xml version='1.0' encoding='UTF-8'?>
<shortcuts>
	<shortcut>
		<defaultID />
		<label>TV Guide</label>
		<label2>Custom item</label2>
		<icon>DefaultShortcut.png</icon>
		<thumb />
		<action>ActivateWindow(TVGuide)</action>
	</shortcut>
	<shortcut>
		<defaultID />
		<label>Movies</label>
		<label2>Custom item</label2>
		<icon>DefaultShortcut.png</icon>
		<thumb />
		<action>noop</action>
	</shortcut>
	<shortcut>
		<defaultID />
		<label>TV Shows</label>
		<label2>Custom item</label2>
		<icon>DefaultShortcut.png</icon>
		<thumb />
		<action>noop</action>
	</shortcut>
	<shortcut>
		<defaultID />
		<label>XXX</label>
		<label2>Custom item</label2>
		<icon>DefaultShortcut.png</icon>
		<thumb />
		<action>noop</action>
		<disabled>True</disabled>
	</shortcut>
	<shortcut>
		<defaultID />
		<label>13Clowns</label>
		<label2>Custom item</label2>
		<icon>DefaultShortcut.png</icon>
		<thumb />
		<action>noop</action>
	</shortcut>
	<shortcut>
		<defaultID>settings</defaultID>
		<label>5</label>
		<label2>Common Shortcut</label2>
		<icon>special://skin/extras/icons/settings.png</icon>
		<thumb />
		<action>ActivateWindow(Settings)</action>
	</shortcut>
	<shortcut>
		<defaultID>power</defaultID>
		<label>Restart</label>
		<label2>Custom item</label2>
		<icon>special://skin/extras/icons/power.png</icon>
		<thumb />
		<action>RestartApp</action>
	</shortcut>
</shortcuts>
