<?xml version='1.0' encoding='UTF-8'?>
<shortcuts>
	<shortcut>
		<defaultID />
		<label>My Movies</label>
		<label2>Custom item</label2>
		<icon>DefaultShortcut.png</icon>
		<thumb>special://skin/extras/icons/trakttv.png</thumb>
		<action>ActivateWindow(Videos,"plugin://plugin.video.13clowns/?action=movies&amp;url=imdbwatchlist",return)</action>
	</shortcut>
	<shortcut>
		<defaultID />
		<label>In Theaters</label>
		<label2>Custom item</label2>
		<icon>DefaultShortcut.png</icon>
		<thumb>special://skin/extras/icons/film.png</thumb>
		<action>ActivateWindow(Videos,"plugin://plugin.video.13clowns/?action=movies&amp;url=theaters",return)</action>
	</shortcut>
	<shortcut>
		<defaultID />
		<label>Most Popular</label>
		<label2>Custom item</label2>
		<icon>DefaultShortcut.png</icon>
		<thumb>special://skin/extras/icons/compilations.png</thumb>
		<action>ActivateWindow(Videos,"plugin://plugin.video.13clowns/?action=movies&amp;url=popular",return)</action>
	</shortcut>
	<shortcut>
		<defaultID />
		<label>Genres</label>
		<label2>Custom item</label2>
		<icon>DefaultShortcut.png</icon>
		<thumb>special://skin/extras/icons/director.png</thumb>
		<action>ActivateWindow(Videos,"plugin://plugin.video.13clowns/?action=movieGenres",return)</action>
	</shortcut>
	<shortcut>
		<defaultID />
		<label>Oscar Winners</label>
		<label2>Custom item</label2>
		<icon>DefaultShortcut.png</icon>
		<thumb>special://skin/extras/icons/thumb-up.png</thumb>
		<action>ActivateWindow(Videos,"plugin://plugin.video.13clowns/?action=movies&amp;url=oscars",return)</action>
	</shortcut>
	<shortcut>
		<defaultID />
		<label>Movies Main Menu</label>
		<label2>Custom item</label2>
		<icon>DefaultShortcut.png</icon>
		<thumb>special://skin/extras/icons/home.png</thumb>
		<action>ActivateWindow(Videos,"plugin://plugin.video.13clowns/?action=movieNavigator",return)</action>
	</shortcut>
	<shortcut>
		<defaultID />
		<label>13Clowns Settings</label>
		<label2>Custom item</label2>
		<icon>DefaultShortcut.png</icon>
		<thumb>special://skin/extras/icons/settings.png</thumb>
		<action>ActivateWindow(Videos,"plugin://plugin.video.13clowns/?action=openSettings&amp;query=0.0",return)</action>
	</shortcut>
	<shortcut>
		<defaultID />
		<label>Configure Scrapers</label>
		<label2>Custom item</label2>
		<icon>DefaultShortcut.png</icon>
		<thumb>special://skin/extras/icons/addons.png</thumb>
		<action>RunPlugin(plugin://script.module.lambdascrapers/?mode=LambdaSettings)</action>
	</shortcut>
</shortcuts>
